{
  "resources.json": 1607609930452,
  "model/models.js": 1607524223000,
  "manifest.json": 1607609930449,
  "model/formatter.js": 1607524223000,
  "controller/Worklist.controller.js": 1607524223000,
  "controller/Object.controller.js": 1607524223000,
  "controller/NotFound.controller.js": 1607524223000,
  "controller/ErrorHandler.js": 1607524223000,
  "controller/Create.controller.js": 1607524223000,
  "controller/BaseController.js": 1607524223000,
  "controller/App.controller.js": 1607524223000,
  "Component.js": 1607524223000,
  "manifest-bundle.zip": 1607609930130,
  "Component-preload.js": 1607609930388,
  "model/models-dbg.js": 1607524223000,
  "model/formatter-dbg.js": 1607524223000,
  "controller/Worklist-dbg.controller.js": 1607524223000,
  "controller/Object-dbg.controller.js": 1607524223000,
  "controller/NotFound-dbg.controller.js": 1607524223000,
  "controller/ErrorHandler-dbg.js": 1607524223000,
  "controller/Create-dbg.controller.js": 1607524223000,
  "controller/BaseController-dbg.js": 1607524223000,
  "controller/App-dbg.controller.js": 1607524223000,
  "Component-dbg.js": 1607524223000,
  "i18n/i18n.properties": 1607524223000,
  "view/Worklist.view.xml": 1607524223000,
  "view/ObjectNotFound.view.xml": 1607524223000,
  "view/Object.view.xml": 1607524223000,
  "view/NotFound.view.xml": 1607524223000,
  "view/Create.view.xml": 1607524223000,
  "view/App.view.xml": 1607524223000,
  "test.html": 1607524223000,
  "index.html": 1607524223000
}